Size,EntryBar,ExitBar,EntryPrice,ExitPrice,SL,TP,PnL,Commission,ReturnPct,EntryTime,ExitTime,Duration,Tag,"Entry_long_entry(O,H,L,C,V,50,200,160,14,1.1,14,55,50,1D,200)","Exit_long_entry(O,H,L,C,V,50,200,160,14,1.1,14,55,50,1D,200)","Entry_short_ent…(O,H,L,C,V,50,200,160,14,1.1,14,55,50,1D,200)","Exit_short_ent…(O,H,L,C,V,50,200,160,14,1.1,14,55,50,1D,200)","Entry_long_exha…(O,H,L,C,V,50,200,160,14,1.1,14,55,50,1D,200)","Exit_long_exha…(O,H,L,C,V,50,200,160,14,1.1,14,55,50,1D,200)","Entry_short_exh…(O,H,L,C,V,50,200,160,14,1.1,14,55,50,1D,200)","Exit_short_exh…(O,H,L,C,V,50,200,160,14,1.1,14,55,50,1D,200)","Entry_atr_values(O,H,L,C,V,50,200,160,14,1.1,14,55,50,1D,200)","Exit_atr_values(O,H,L,C,V,50,200,160,14,1.1,14,55,50,1D,200)"
1.16710669,179,200,17127.83,17221.29,17031.124285714286,,89.03324737359394,20.0445438738064,0.004453888204168361,2023-01-09 00:00:00+00:00,2023-01-09 21:00:00+00:00,0 days 21:00:00,,1.0,0.0,0.0,0.0,0.0,1.0,1.0,1.0,5.460142857142913e-07,7.378071428571426e-07
1.1568389000000001,222,241,17433.7,17413.43,17317.944285714286,,-43.60538227167896,20.1562577686785,-0.002162109305540395,2023-01-10 19:00:00+00:00,2023-01-11 14:00:00+00:00,0 days 19:00:00,,0.0,0.0,0.0,0.0,0.0,0.0,1.0,1.0,6.02121428571427e-07,4.6498571428571454e-07
1.11912859,251,266,17943.26,17997.63,17750.905714285713,,40.73578266377815,20.111238774522555,0.0020285920730124104,2023-01-12 00:00:00+00:00,2023-01-12 15:00:00+00:00,0 days 15:00:00,,1.0,0.0,0.0,0.0,0.0,0.0,1.0,1.0,1.2234142857142917e-06,1.453607142857146e-06
1.07034994,269,308,18837.06,20688.29975,20688.29975,,1960.3213721196664,21.152983218445463,0.09722733112943288,2023-01-12 18:00:00+00:00,2023-01-14 09:00:00+00:00,1 days 15:00:00,,0.0,0.0,0.0,0.0,0.0,0.0,1.0,1.0,2.1279071428571443e-06,3.379121428571431e-06
1.0803996,464,477,22288.91,22691.92765,22691.92765,,411.12146835058047,24.29863950236247,0.01707249170888134,2023-01-20 21:00:00+00:00,2023-01-21 10:00:00+00:00,0 days 13:00:00,,0.0,0.0,0.0,0.0,0.0,0.0,1.0,1.0,1.927457142857141e-06,2.240057142857143e-06
1.05553452,585,585,23592.56,23175.83,23175.83,,-464.55572556451244,24.682825044911404,-0.018654787568623356,2023-01-25 22:00:00+00:00,2023-01-25 22:00:00+00:00,0 days 00:00:00,,0.0,0.0,0.0,0.0,1.0,1.0,1.0,1.0,2.7383357142857104e-06,2.7383357142857104e-06
1.00324164,679,691,23896.65,23552.06,23552.06,,-369.50829754574363,23.801260818142204,-0.015412802840565521,2023-01-29 20:00:00+00:00,2023-01-30 08:00:00+00:00,0 days 12:00:00,,0.0,0.0,0.0,0.0,0.0,1.0,1.0,1.0,1.8897999999999967e-06,1.4206214285714222e-06
0.9606160300000001,756,761,24188.09,23739.031428571427,23739.031428571427,,-454.39264268121065,23.019780558021107,-0.019555993554797497,2023-02-02 01:00:00+00:00,2023-02-02 06:00:00+00:00,0 days 05:00:00,,0.0,0.0,0.0,0.0,0.0,0.0,1.0,1.0,2.3618928571428614e-06,2.3727214285714313e-06
-0.99145525,927,985,22519.56,21747.5,21859.35465,,743.5185357954676,21.9444045195325,0.03330111556353677,2023-02-09 04:00:00+00:00,2023-02-11 14:00:00+00:00,2 days 10:00:00,,0.0,0.0,0.0,0.0,1.0,1.0,0.0,1.0,1.6717785714285746e-06,5.494857142857207e-07
1.0211512,1087,1104,23320.18,24361.433699999998,24361.433699999998,,1038.932396735592,24.345068523845722,0.043628003435222135,2023-02-15 20:00:00+00:00,2023-02-16 13:00:00+00:00,0 days 17:00:00,,1.0,0.0,0.0,0.0,0.0,0.0,1.0,1.0,2.5830500000000023e-06,1.7590071428571455e-06
1.03260866,1107,1107,25072.669999999995,24695.839999999993,24695.839999999993,,-414.81361855844995,25.695697210648298,-0.016021997457789754,2023-02-16 16:00:00+00:00,2023-02-16 16:00:00+00:00,0 days 00:00:00,,0.0,0.0,0.0,0.0,0.0,0.0,1.0,1.0,2.24375714285715e-06,2.24375714285715e-06
-1.0733125700000001,1299,1331,23349.25,23157.07,23685.76,,181.3113007823787,24.9579089202212,0.0072347865563133305,2023-02-24 16:00:00+00:00,2023-02-26 00:00:00+00:00,1 days 08:00:00,,0.0,0.0,1.0,0.0,1.0,1.0,0.0,0.0,1.8796357142857124e-06,1.1938785714285711e-06
-1.1477710700000001,1453,1500,22150.31,22379.83,22591.685714285715,,-288.99161920392703,25.555203217524905,-0.01136711269503691,2023-03-03 02:00:00+00:00,2023-03-05 01:00:00+00:00,1 days 23:00:00,,0.0,0.0,0.0,0.0,1.0,0.0,0.0,1.0,2.37866428571428e-06,8.792142857142901e-07
-1.15673132,1612,1617,21479.31,20418.4099,20418.4099,,1202.9441706386783,24.232202422458634,0.048416417475701246,2023-03-09 17:00:00+00:00,2023-03-09 22:00:00+00:00,0 days 05:00:00,,0.0,0.0,0.0,0.0,1.0,1.0,0.0,0.0,1.1476214285714294e-06,2.480571428571427e-06
-1.3887171200000001,1630,1632,19622.77,20075.82571428571,20075.82571428571,,-656.73128649659,27.565059754193598,-0.024099809157568205,2023-03-10 11:00:00+00:00,2023-03-10 13:00:00+00:00,0 days 02:00:00,,0.0,0.0,0.0,0.0,1.0,1.0,0.0,0.0,2.2200499999999945e-06,2.4474499999999934e-06
1.08156006,1707,1733,23981.72,25506.249949999998,25506.249949999998,,1622.1085983195928,26.7621058742001,0.06253871553103774,2023-03-13 16:00:00+00:00,2023-03-14 18:00:00+00:00,1 days 02:00:00,,0.0,0.0,0.0,0.0,0.0,0.0,1.0,1.0,4.032999999999999e-06,4.673964285714288e-06
1.09266061,1798,1811,26705.7,27100.610350000003,27100.610350000003,,402.1069659818754,29.39601794444016,0.01378009918575437,2023-03-17 11:00:00+00:00,2023-03-18 00:00:00+00:00,0 days 13:00:00,,1.0,0.0,0.0,0.0,0.0,0.0,1.0,1.0,3.2193714285714327e-06,4.231671428571431e-06
1.07397216,1852,1861,27918.86,27675.84,27433.885714285712,,-290.85029434497625,29.853580021776004,-0.009700157886102763,2023-03-19 17:00:00+00:00,2023-03-20 02:00:00+00:00,0 days 09:00:00,,0.0,0.0,0.0,0.0,0.0,1.0,1.0,1.0,2.5718500000000087e-06,3.8591999999999935e-06
1.02937508,1922,1925,28563.61,28237.440000000002,28237.440000000002,,-364.98606253751456,29.234792693917004,-0.012413365292412156,2023-03-22 15:00:00+00:00,2023-03-22 18:00:00+00:00,0 days 03:00:00,,0.0,0.0,0.0,0.0,0.0,1.0,1.0,0.0,1.7487999999999935e-06,2.5903142857142754e-06
0.9899291800000001,2101,2101,28964.760000000002,28477.04285714286,28477.04285714286,,-511.23708970055793,28.431658400046544,-0.0178298747956383,2023-03-30 03:00:00+00:00,2023-03-30 03:00:00+00:00,0 days 00:00:00,,0.0,0.0,0.0,0.0,0.0,0.0,1.0,1.0,2.971692857142853e-06,2.971692857142853e-06
0.95227609,2379,2413,29036.85,29916.159999999996,29809.793750000004,,809.2761177696322,28.06977092826545,0.029267413476324045,2023-04-10 17:00:00+00:00,2023-04-12 03:00:00+00:00,1 days 10:00:00,,1.0,0.0,0.0,0.0,0.0,1.0,1.0,1.0,1.7641928571428644e-06,1.9869142857142864e-06
0.95196474,2459,2471,30745.72,30616.98,30371.924285714285,,-151.76350400320067,29.207563375599,-0.005185155852586965,2023-04-14 01:00:00+00:00,2023-04-14 13:00:00+00:00,0 days 12:00:00,,0.0,0.0,0.0,0.0,0.0,0.0,1.0,1.0,1.9602428571428583e-06,1.937842857142871e-06
-1.00584663,2602,2666,28797.1,27619.591299999993,27619.591299999993,,1156.0198882807567,28.37326940992766,0.03991028104739728,2023-04-20 00:00:00+00:00,2023-04-22 16:00:00+00:00,2 days 16:00:00,,0.0,0.0,0.0,0.0,1.0,1.0,0.0,1.0,2.289892857142866e-06,1.2205857142857276e-06
-1.15365932,2715,2716,27110.560000000005,27560.90285714286,27560.90285714286,,-551.0783556698724,31.536121331588348,-0.017619650371347,2023-04-24 17:00:00+00:00,2023-04-24 18:00:00+00:00,0 days 01:00:00,,0.0,0.0,0.0,0.0,1.0,1.0,0.0,0.0,2.5030857142857197e-06,2.635885714285721e-06
-1.09825146,3053,3071,27475.26,27758.35,27946.140000000003,,-341.2342022231831,30.330196411785302,-0.011308602903120718,2023-05-08 19:00:00+00:00,2023-05-09 13:00:00+00:00,0 days 18:00:00,,0.0,0.0,0.0,0.0,1.0,1.0,0.0,0.0,2.3701214285714315e-06,1.4266071428571428e-06
-1.10680186,3133,3152,26646.7,26750.100000000002,27149.8,,-143.99315110302592,29.549838779024,-0.0048823456563102715,2023-05-12 03:00:00+00:00,2023-05-12 22:00:00+00:00,0 days 19:00:00,,0.0,0.0,0.0,0.0,1.0,1.0,0.0,1.0,2.361921428571427e-06,2.1204142857142894e-06
-1.11235394,3433,3455,26254.93,26403.519999999997,26577.06142857143,,-194.57208911049636,29.2874171658965,-0.0066623382732309425,2023-05-24 15:00:00+00:00,2023-05-25 13:00:00+00:00,0 days 22:00:00,,0.0,0.0,0.0,0.0,1.0,1.0,0.0,0.0,1.7843642857142831e-06,1.4412571428571474e-06
1.04443913,3533,3553,27589.76,27787.77,27348.315714285713,,177.89016250392962,28.919229627374452,0.00617334964131627,2023-05-28 19:00:00+00:00,2023-05-29 15:00:00+00:00,0 days 20:00:00,,0.0,0.0,0.0,0.0,0.0,1.0,1.0,1.0,1.2717428571428559e-06,1.3849071428571414e-06
-1.12165313,3722,3745,26007.530000000002,26024.72,26331.02142857143,,-48.46228534142325,29.181068036721253,-0.0016612929024787527,2023-06-05 16:00:00+00:00,2023-06-06 15:00:00+00:00,0 days 23:00:00,,0.0,0.0,1.0,0.0,1.0,1.0,0.0,1.0,1.891357142857142e-06,1.622114285714288e-06
-1.16605063,3943,3964,24934.21,25280.98,25280.98,,-433.6281039326373,29.27672696753485,-0.014914352409801773,2023-06-14 21:00:00+00:00,2023-06-15 18:00:00+00:00,0 days 21:00:00,,0.0,0.0,0.0,0.0,1.0,1.0,0.0,1.0,1.9567999999999967e-06,1.4640928571428734e-06
1.03021044,4083,4121,27380.550000000003,30015.02835,30015.02835,,2684.502338110969,29.56476201300399,0.0951690364446659,2023-06-20 17:00:00+00:00,2023-06-22 07:00:00+00:00,1 days 14:00:00,,1.0,0.0,0.0,0.0,0.0,0.0,1.0,1.0,2.036885714285722e-06,2.4843214285714363e-06
1.07478198,4154,4154,31238.01,30763.504285714287,30763.504285714287,,-543.3092462648124,33.31905514349914,-0.0161824159550679,2023-06-23 16:00:00+00:00,2023-06-23 16:00:00+00:00,0 days 00:00:00,,0.0,0.0,0.0,0.0,0.0,0.0,1.0,1.0,2.787021428571427e-06,2.787021428571427e-06
1.03944854,4637,4650,31255.010000000002,31098.75,30836.25714285714,,-194.83099125815778,32.4067623977552,-0.005997018717959219,2023-07-13 19:00:00+00:00,2023-07-14 08:00:00+00:00,0 days 13:00:00,,1.0,0.0,0.0,0.0,0.0,0.0,1.0,1.0,2.440935714285711e-06,2.195414285714274e-06
-1.0770451,4733,4735,29802.38,30101.724285714285,30101.724285714285,,-354.6670071369791,32.259710995408795,-0.011049330216484049,2023-07-17 19:00:00+00:00,2023-07-17 21:00:00+00:00,0 days 02:00:00,,0.0,0.0,0.0,0.0,1.0,1.0,0.0,1.0,1.5830357142857107e-06,1.853742857142854e-06
-1.07579436,4892,4920,29178.0,29277.67,29496.247142857144,,-138.66756390920878,31.443140048010598,-0.004417637775035901,2023-07-24 10:00:00+00:00,2023-07-25 14:00:00+00:00,1 days 04:00:00,,0.0,0.0,0.0,0.0,1.0,1.0,0.0,0.0,1.7458785714285753e-06,8.523642857142917e-07
-1.0753152,5077,5092,28933.22,29206.491428571433,29206.491428571433,,-325.112178579953,31.25925771137829,-0.010449624489971018,2023-08-01 03:00:00+00:00,2023-08-01 18:00:00+00:00,0 days 15:00:00,,0.0,0.0,0.0,0.0,1.0,0.0,0.0,1.0,1.3501714285714386e-06,1.2366785714285663e-06
-1.06028163,5458,5480,28730.51,26647.728799999993,26647.728799999993,,2178.976381018667,29.35826465069662,0.07152995476237657,2023-08-17 00:00:00+00:00,2023-08-17 22:00:00+00:00,0 days 22:00:00,,0.0,0.0,1.0,0.0,1.0,1.0,0.0,0.0,1.4883071428571494e-06,4.490842857142849e-06
-1.36655331,5836,5836,25478.85,25790.35285714286,25790.35285714286,,-460.7163099357815,35.03104943274502,-0.013232051626012653,2023-09-01 18:00:00+00:00,2023-09-01 18:00:00+00:00,0 days 00:00:00,,0.0,0.0,0.0,0.0,1.0,1.0,0.0,0.0,1.788500000000002e-06,1.788500000000002e-06
-1.34792263,6073,6085,25147.76,25428.210000000003,25428.210000000003,,-412.1111488321047,34.08624724860055,-0.0121576627500821,2023-09-11 15:00:00+00:00,2023-09-12 03:00:00+00:00,0 days 12:00:00,,0.0,0.0,0.0,0.0,1.0,0.0,0.0,1.0,1.518492857142861e-06,2.1370785714285814e-06
1.21911158,6237,6243,27129.120000000003,26860.431428571435,26860.431428571435,,-360.4709925150114,32.90964367278849,-0.010899113098502696,2023-09-18 11:00:00+00:00,2023-09-18 17:00:00+00:00,0 days 06:00:00,,1.0,0.0,0.0,0.0,0.0,1.0,1.0,1.0,1.373014285714279e-06,1.8595285714285704e-06
-1.23256484,6394,6411,26248.390000000003,26324.77,26461.945714285717,,-126.54321675104484,32.3999142718472,-0.003911347705516236,2023-09-25 00:00:00+00:00,2023-09-25 17:00:00+00:00,0 days 17:00:00,,0.0,0.0,0.0,0.0,1.0,1.0,0.0,1.0,1.2343142857142953e-06,1.1071714285714265e-06
1.14657057,6561,6578,27996.43,28026.3,27714.098571428567,,2.131056191371684,32.11700673452805,6.63882859350427e-05,2023-10-01 23:00:00+00:00,2023-10-02 16:00:00+00:00,0 days 17:00:00,,0.0,0.0,0.0,0.0,0.0,1.0,1.0,1.0,1.45973571428572e-06,2.2500214285714362e-06
-1.18374048,6781,6827,27120.93,26829.56,27390.914285714287,,312.97477419317903,31.9316894644176,0.009748734833208084,2023-10-11 03:00:00+00:00,2023-10-13 01:00:00+00:00,1 days 22:00:00,,0.0,0.0,1.0,0.0,1.0,1.0,0.0,0.0,1.3569000000000083e-06,1.11736428571429e-06
1.16892111,6912,6935,27999.989999999998,28218.92,27368.91571428572,,223.0541632722029,32.85773534009505,0.00681502189822215,2023-10-16 14:00:00+00:00,2023-10-17 13:00:00+00:00,0 days 23:00:00,,0.0,0.0,0.0,0.0,0.0,1.0,1.0,1.0,3.4627285714285698e-06,1.7900571428571493e-06
1.07935095,7070,7089,30736.68,32816.1812,32816.1812,,2210.213675190421,34.297920555719074,0.06662153392624058,2023-10-23 04:00:00+00:00,2023-10-23 23:00:00+00:00,0 days 19:00:00,,0.0,0.0,0.0,0.0,0.0,0.0,1.0,1.0,2.083121428571443e-06,5.749064285714304e-06
1.06179173,7303,7319,35406.08,34769.24857142858,34769.24857142858,,-713.4381360248113,37.25579176358779,-0.01897750592150098,2023-11-01 21:00:00+00:00,2023-11-02 13:00:00+00:00,0 days 16:00:00,,0.0,0.0,0.0,0.0,0.0,1.0,1.0,1.0,3.4620999999999893e-06,2.5498142857142806e-06
0.9946176600000001,7477,7489,36363.44,37286.90905,37286.90905,,881.8716566782764,36.62696891514712,0.024382838242888945,2023-11-09 03:00:00+00:00,2023-11-09 15:00:00+00:00,0 days 12:00:00,,0.0,0.0,0.0,0.0,0.0,0.0,1.0,1.0,3.497299999999989e-06,3.915728571428574e-06
0.99239901,7850,7850,38221.1,37744.99571428571,37744.99571428571,,-510.1797608898245,37.69433909021119,-0.013450354217210587,2023-11-24 16:00:00+00:00,2023-11-24 16:00:00+00:00,0 days 00:00:00,,0.0,0.0,0.0,0.0,0.0,0.0,1.0,1.0,2.8710571428571403e-06,2.8710571428571403e-06
0.95363632,8012,8014,38705.25,38369.99428571428,38369.99428571428,,-356.46290179226673,36.750876161864795,-0.009657432426571987,2023-12-01 10:00:00+00:00,2023-12-01 12:00:00+00:00,0 days 02:00:00,,0.0,0.0,0.0,0.0,0.0,0.0,1.0,1.0,1.839414285714291e-06,2.0415142857142918e-06
0.9182692,8046,8089,39419.99,41348.5073,41348.5073,,1733.8144265567212,37.08361170043658,0.047897857187431905,2023-12-02 20:00:00+00:00,2023-12-04 15:00:00+00:00,1 days 19:00:00,,0.0,0.0,0.0,0.0,0.0,0.0,1.0,1.0,1.6254357142857145e-06,3.8550928571428635e-06
0.92857077,8115,8124,42715.17,43621.119,43621.119,,801.153083332894,40.08467717783626,0.020198464749174586,2023-12-05 17:00:00+00:00,2023-12-06 02:00:00+00:00,0 days 09:00:00,,1.0,0.0,0.0,0.0,0.0,0.0,1.0,1.0,3.4282428571428593e-06,5.3002285714285615e-06
0.92674666,8192,8202,44527.34,43954.935714285704,43954.935714285704,,-571.4740866991092,41.000326743706694,-0.013848692142208185,2023-12-08 22:00:00+00:00,2023-12-09 08:00:00+00:00,0 days 10:00:00,,0.0,0.0,0.0,0.0,0.0,1.0,1.0,1.0,2.9894142857142997e-06,2.317128571428571e-06
0.91669409,8472,8484,43769.44,43459.04,43178.7842857143,,-324.5227615838444,39.9809160478416,-0.008088160140956835,2023-12-20 14:00:00+00:00,2023-12-21 02:00:00+00:00,0 days 12:00:00,,1.0,0.0,0.0,0.0,0.0,1.0,1.0,1.0,3.23124285714284e-06,4.2946214285714336e-06
-0.93964451,8620,8634,42010.0,42695.33285714286,42695.33285714286,,-683.7657072303667,39.79645049346845,-0.017321721579895987,2023-12-26 18:00:00+00:00,2023-12-27 08:00:00+00:00,0 days 14:00:00,,0.0,0.0,0.0,0.0,1.0,1.0,0.0,1.0,3.5993e-06,2.0501857142856957e-06
0.8625623800000001,8770,8784,44179.55,45072.910500000005,45072.910500000005,,732.0862517031219,38.492907374868,0.01921102115684743,2024-01-02 00:00:00+00:00,2024-01-02 14:00:00+00:00,0 days 14:00:00,,1.0,0.0,0.0,0.0,0.0,0.0,1.0,1.0,3.3200714285714337e-06,4.1994500000000035e-06
0.8424748,8933,8950,46970.02,45878.84285714286,45878.84285714286,,-958.4006587760414,39.11141358289943,-0.0242197379154983,2024-01-08 19:00:00+00:00,2024-01-09 12:00:00+00:00,0 days 17:00:00,,0.0,0.0,0.0,0.0,0.0,1.0,1.0,1.0,5.83725e-06,4.160664285714294e-06
0.77525792,9001,9001,48571.21,47607.70142857143,47607.70142857143,,-784.2493823988725,37.28173141098926,-0.02082711192788592,2024-01-11 15:00:00+00:00,2024-01-11 15:00:00+00:00,0 days 00:00:00,,0.0,0.0,0.0,0.0,1.0,1.0,1.0,1.0,6.184107142857148e-06,6.184107142857148e-06
-0.87970381,9174,9196,41022.33,41741.37285714285,41741.37285714285,,-668.9485133484213,36.403772366568234,-0.018536848310942544,2024-01-18 20:00:00+00:00,2024-01-19 18:00:00+00:00,0 days 22:00:00,,0.0,0.0,0.0,0.0,1.0,0.0,0.0,1.0,3.965549999999993e-06,3.994528571428561e-06
-0.87267708,9270,9289,39820.31,39349.25609999999,39349.25609999999,,376.5332090901106,34.544732884507496,0.010835403264063157,2024-01-22 20:00:00+00:00,2024-01-23 15:00:00+00:00,0 days 19:00:00,,0.0,0.0,0.0,0.0,1.0,1.0,0.0,0.0,4.6609857142857165e-06,3.263285714285712e-06
0.83105542,9399,9400,42720.33,42383.51285714286,42383.51285714286,,-315.276717054972,35.363004934628435,-0.008880293393934861,2024-01-28 05:00:00+00:00,2024-01-28 06:00:00+00:00,0 days 01:00:00,,0.0,0.0,0.0,0.0,0.0,0.0,1.0,1.0,1.8468928571428454e-06,1.9751999999999866e-06
0.80723878,9435,9465,43200.01,43327.78,42586.219999999994,,68.21660510274887,34.924293817848096,0.00195615938514831,2024-01-29 17:00:00+00:00,2024-01-30 23:00:00+00:00,1 days 06:00:00,,0.0,0.0,0.0,0.0,0.0,1.0,1.0,0.0,3.156214285714301e-06,3.193157142857141e-06
0.79329258,9655,9696,44131.37,46753.9706,46753.9706,,2044.4402631191667,36.04933316437638,0.058397415029263586,2024-02-07 21:00:00+00:00,2024-02-09 14:00:00+00:00,1 days 17:00:00,,0.0,0.0,0.0,0.0,0.0,0.0,1.0,1.0,2.8231857142857084e-06,4.407364285714271e-06
0.80577593,9734,9740,48519.6,47935.74,47935.74,,-509.3210301357849,38.8606956459831,-0.01302747075408703,2024-02-11 04:00:00+00:00,2024-02-11 10:00:00+00:00,0 days 06:00:00,,0.0,0.0,0.0,0.0,0.0,0.0,1.0,1.0,3.05796428571428e-06,2.784799999999992e-06
0.78342903,9755,9756,48604.01,48037.961428571434,48037.961428571434,,-481.3149462139557,37.856062966786716,-0.012640305957118611,2024-02-12 01:00:00+00:00,2024-02-12 02:00:00+00:00,0 days 01:00:00,,0.0,0.0,0.0,0.0,0.0,1.0,1.0,1.0,2.8139357142857174e-06,3.041378571428579e-06
0.74353525,9770,9792,49917.80000000001,49528.05,49175.332857142865,,-326.7636111581104,36.970747470606256,-0.008803932164478522,2024-02-12 16:00:00+00:00,2024-02-13 14:00:00+00:00,0 days 22:00:00,,0.0,0.0,0.0,0.0,0.0,1.0,1.0,0.0,3.74608571428571e-06,3.629449999999989e-06
0.71835855,9811,9841,50758.0,51831.99035,51831.99035,,734.6619521838246,36.848198356169995,0.020148456496020452,2024-02-14 09:00:00+00:00,2024-02-15 15:00:00+00:00,1 days 06:00:00,,1.0,0.0,0.0,0.0,0.0,1.0,1.0,1.0,3.993599999999998e-06,4.11878571428573e-06
0.71784505,9960,9960,52840.14,52224.52285714285,52224.52285714285,,-479.627792776102,37.71007408095943,-0.012644733232836134,2024-02-20 14:00:00+00:00,2024-02-20 14:00:00+00:00,0 days 00:00:00,,0.0,0.0,0.0,0.0,1.0,1.0,1.0,1.0,3.6230214285714365e-06,3.6230214285714365e-06
0.69248094,10107,10130,53391.01,56255.605650000005,56255.605650000005,,1945.713792695351,37.964095736565355,0.05262631934055957,2024-02-26 17:00:00+00:00,2024-02-27 16:00:00+00:00,0 days 23:00:00,,0.0,0.0,0.0,0.0,0.0,0.0,1.0,1.0,3.6098857142857034e-06,6.2194714285714275e-06
0.7015964100000001,10146,10155,58241.09,61475.82985000001,61475.82985000001,,2227.4853854524363,41.99648059150887,0.054512739889913016,2024-02-28 08:00:00+00:00,2024-02-28 17:00:00+00:00,0 days 09:00:00,,1.0,0.0,0.0,0.0,0.0,0.0,1.0,1.0,4.7493999999999845e-06,1.164670714285715e-05
0.6945698,10267,10286,65241.08,67478.4494,67478.4494,,1507.9177281883904,46.09148849572607,0.03327672741315732,2024-03-04 09:00:00+00:00,2024-03-05 04:00:00+00:00,0 days 19:00:00,,0.0,0.0,0.0,0.0,0.0,0.0,1.0,1.0,6.945414285714258e-06,9.123285714285722e-06
0.70336958,10297,10297,68710.41,66643.75571428573,66643.75571428573,,-1501.2237582929092,47.602001344853775,-0.031062707507805976,2024-03-05 15:00:00+00:00,2024-03-05 15:00:00+00:00,0 days 00:00:00,,0.0,0.0,0.0,0.0,1.0,1.0,1.0,1.0,1.1707771428571397e-05,1.1707771428571397e-05
0.63824094,10434,10454,71019.99,71619.0,69630.20714285717,,336.7936839402692,45.519021529125304,0.007430168675044744,2024-03-11 08:00:00+00:00,2024-03-12 04:00:00+00:00,0 days 20:00:00,,0.0,0.0,0.0,0.0,0.0,1.0,1.0,1.0,7.200678571428529e-06,5.555657142857174e-06
0.62643238,10483,10487,73433.49,72434.05285714286,72434.05285714286,,-671.7678640787826,45.68807601837601,-0.014603294958277526,2024-03-13 09:00:00+00:00,2024-03-13 13:00:00+00:00,0 days 04:00:00,,0.0,0.0,0.0,0.0,0.0,1.0,1.0,1.0,5.017657142857168e-06,5.359278571428586e-06
-0.68388689,10570,10580,65300.64000000001,66960.24714285714,66960.24714285714,,-1180.2093109387406,45.225743388384785,-0.026427575387141303,2024-03-17 00:00:00+00:00,2024-03-17 10:00:00+00:00,0 days 10:00:00,,0.0,0.0,0.0,0.0,1.0,1.0,0.0,1.0,8.65785000000001e-06,9.536250000000016e-06
-0.66650782,10627,10635,63463.64,65303.487142857135,65303.487142857135,,-1269.184656918765,42.91214859982426,-0.03000506599414358,2024-03-19 09:00:00+00:00,2024-03-19 17:00:00+00:00,0 days 08:00:00,,0.0,0.0,0.0,0.0,1.0,1.0,0.0,0.0,9.662185714285701e-06,1.1240842857142862e-05
0.5731265,10777,10799,69377.2,70075.09654999999,70075.09654999999,,360.02110374424194,39.96190331933178,0.009054421362133414,2024-03-25 15:00:00+00:00,2024-03-26 13:00:00+00:00,0 days 22:00:00,,1.0,0.0,0.0,0.0,0.0,0.0,1.0,1.0,6.435571428571455e-06,5.331807142857129e-06
0.57259367,11106,11124,70698.64,71275.45,69796.54000000001,,289.63102217369465,40.64673261900515,0.007154634869921218,2024-04-08 08:00:00+00:00,2024-04-09 02:00:00+00:00,0 days 18:00:00,,1.0,0.0,0.0,0.0,0.0,0.0,1.0,1.0,5.136257142857139e-06,4.57182857142861e-06
-0.6337679900000001,11238,11239,64788.01,62743.26029999999,62743.26029999999,,1255.4842890020216,40.41261842008885,0.030576399319102634,2024-04-13 20:00:00+00:00,2024-04-13 21:00:00+00:00,0 days 01:00:00,,0.0,0.0,1.0,0.0,1.0,1.0,0.0,0.0,9.614421428571446e-06,1.0202771428571445e-05
-0.72249924,11330,11332,60304.95,61782.82714285715,61782.82714285715,,-1111.8692756271666,44.10416309950183,-0.02551898362287973,2024-04-17 16:00:00+00:00,2024-04-17 18:00:00+00:00,0 days 02:00:00,,0.0,0.0,0.0,0.0,1.0,1.0,0.0,0.0,7.975900000000023e-06,8.786678571428596e-06
0.62139535,11452,11463,66540.01,66244.02,65663.69714285714,,-225.1824990446205,41.25568939813026,-0.005446076954301409,2024-04-22 18:00:00+00:00,2024-04-23 05:00:00+00:00,0 days 11:00:00,,0.0,0.0,0.0,0.0,0.0,0.0,1.0,1.0,4.4023999999999885e-06,4.282971428571403e-06
-0.65338505,11556,11572,62593.28,63416.22,63732.85571428572,,-578.8630547759897,41.166361728987496,-0.014153991450839577,2024-04-27 02:00:00+00:00,2024-04-27 18:00:00+00:00,0 days 16:00:00,,0.0,0.0,0.0,0.0,1.0,1.0,0.0,1.0,5.901885714285711e-06,3.5917642857142906e-06
-0.63809521,11606,11616,62279.68000000001,62993.45285714287,62993.45285714287,,-495.42313417979193,39.968093008918245,-0.012466496673898032,2024-04-29 04:00:00+00:00,2024-04-29 14:00:00+00:00,0 days 10:00:00,,0.0,0.0,0.0,0.0,1.0,1.0,0.0,0.0,3.6716071428571613e-06,5.301285714285724e-06
-0.6281612,11636,11647,61688.01,60182.344249999995,60182.344249999995,,907.5236903338492,38.27711398505255,0.023419957506734385,2024-04-30 10:00:00+00:00,2024-04-30 21:00:00+00:00,0 days 11:00:00,,0.0,0.0,0.0,0.0,1.0,1.0,0.0,0.0,6.134678571428565e-06,7.459721428571443e-06
-0.70546356,11658,11668,57500.0,59014.36,59014.36,,-1109.424114319961,41.0983175983608,-0.027349864000000088,2024-05-01 08:00:00+00:00,2024-05-01 18:00:00+00:00,0 days 10:00:00,,0.0,0.0,0.0,0.0,1.0,1.0,0.0,0.0,7.945728571428581e-06,9.313278571428587e-06
0.58864946,11779,11780,65143.04000000001,64399.507142857154,64399.507142857154,,-475.80779006072953,38.127575211333706,-0.012408142615301373,2024-05-06 09:00:00+00:00,2024-05-06 10:00:00+00:00,0 days 01:00:00,,0.0,0.0,0.0,0.0,0.0,1.0,1.0,1.0,3.7841071428571205e-06,4.613928571428554e-06
0.58652291,11999,12025,63757.57000000001,65598.7,65506.24300000001,,1041.929717334725,37.935207953572856,0.027862603060311162,2024-05-15 13:00:00+00:00,2024-05-16 15:00:00+00:00,1 days 02:00:00,,0.0,0.0,0.0,0.0,0.0,0.0,1.0,1.0,5.4072357142857265e-06,4.302107142857137e-06
0.5909304200000001,12049,12071,66806.67,66947.99,65910.56,,43.99043824902672,39.5198487053786,0.0011142999643600127,2024-05-17 15:00:00+00:00,2024-05-18 13:00:00+00:00,0 days 22:00:00,,1.0,0.0,0.0,0.0,0.0,1.0,1.0,1.0,4.833950000000007e-06,2.50150000000003e-06
0.58023164,12123,12127,68190.06,68949.99015000001,68949.99015000001,,401.1490191158404,39.786498104108375,0.01013872293007225,2024-05-20 17:00:00+00:00,2024-05-20 21:00:00+00:00,0 days 04:00:00,,1.0,0.0,0.0,0.0,0.0,0.0,1.0,1.0,4.848321428571474e-06,6.145135714285734e-06
0.5650082200000001,12130,12145,71446.62,70213.21,69963.1257142857,,-736.9062728270922,40.0194841969013,-0.018254746200729744,2024-05-21 00:00:00+00:00,2024-05-21 15:00:00+00:00,0 days 15:00:00,,0.0,0.0,0.0,0.0,0.0,1.0,1.0,1.0,7.67810714285716e-06,4.483657142857162e-06
0.55213076,12482,12504,70445.0,70730.7,69656.0157142857,,118.77003486473345,38.973723267266,0.003053618425722155,2024-06-04 16:00:00+00:00,2024-06-05 14:00:00+00:00,0 days 22:00:00,,1.0,0.0,0.0,0.0,0.0,0.0,1.0,1.0,4.219892857142858e-06,4.008257142857167e-06
0.5466927500000001,12506,12513,71580.01,70731.56142857143,70731.56142857143,,-502.7410349184067,38.900352170553575,-0.012847223088441141,2024-06-05 16:00:00+00:00,2024-06-05 23:00:00+00:00,0 days 07:00:00,,0.0,0.0,0.0,0.0,0.0,1.0,1.0,1.0,4.257750000000024e-06,4.842428571428582e-06
-0.55848929,12637,12653,68268.62,67238.14719999998,67238.14719999998,,537.6684833344598,37.83953910186164,0.01410193169863431,2024-06-11 03:00:00+00:00,2024-06-11 19:00:00+00:00,0 days 16:00:00,,0.0,0.0,0.0,0.0,1.0,1.0,0.0,0.0,4.228764285714292e-06,5.561621428571441e-06
-0.6003991,12723,12727,65293.39000000001,66139.73142857142,66139.73142857142,,-547.5987959149501,39.4561639079525,-0.01396861135998159,2024-06-14 17:00:00+00:00,2024-06-14 21:00:00+00:00,0 days 04:00:00,,0.0,0.0,0.0,0.0,1.0,1.0,0.0,0.0,4.494671428571448e-06,5.30374285714286e-06
-0.5988004100000001,12883,12888,63639.64,64300.43714285715,64300.43714285715,,-433.9908853939728,38.30528532428724,-0.011388612214471586,2024-06-21 09:00:00+00:00,2024-06-21 14:00:00+00:00,0 days 05:00:00,,0.0,0.0,0.0,0.0,1.0,1.0,0.0,0.0,3.6251428571428603e-06,4.720228571428567e-06
-0.58914553,12946,12968,63210.01,60196.3208,60196.3208,,1739.1493769070194,36.352144082260665,0.04670124296136012,2024-06-24 00:00:00+00:00,2024-06-24 22:00:00+00:00,0 days 22:00:00,,0.0,0.0,1.0,0.0,1.0,1.0,0.0,0.0,2.409635714285705e-06,8.511228571428558e-06
-0.6952816,13188,13215,58561.1,54750.216499999995,54750.216499999995,,2610.24554057649,39.3916367171132,0.06410787778491192,2024-07-04 02:00:00+00:00,2024-07-05 05:00:00+00:00,1 days 03:00:00,,0.0,0.0,0.0,0.0,1.0,1.0,0.0,0.0,6.275642857142852e-06,8.352907142857133e-06
0.7662108,13431,13439,59950.0,59583.86,59143.54571428571,,-326.33448956084334,45.794067248844,-0.007104369140950787,2024-07-14 05:00:00+00:00,2024-07-14 13:00:00+00:00,0 days 08:00:00,,1.0,0.0,0.0,0.0,0.0,0.0,1.0,1.0,4.252764285714283e-06,3.9994428571428726e-06
0.73897983,13448,13479,61276.36,63875.35880000001,63875.35880000001,,1874.3653934526947,46.24229794151591,0.04139317251546937,2024-07-14 22:00:00+00:00,2024-07-16 05:00:00+00:00,1 days 07:00:00,,0.0,0.0,0.0,0.0,0.0,1.0,1.0,1.0,4.185199999999996e-06,6.06706428571427e-06
0.74659232,13500,13509,65670.18,65120.02,64306.52428571429,,-459.5687101968301,48.823479425631994,-0.009373434030483845,2024-07-17 02:00:00+00:00,2024-07-17 11:00:00+00:00,0 days 09:00:00,,0.0,0.0,0.0,0.0,0.0,1.0,1.0,1.0,6.596642857142856e-06,4.828178571428562e-06
0.72433885,13563,13601,66419.43,66721.99,65339.811428571425,,170.936210930918,48.219751525083495,0.003553015887067964,2024-07-19 17:00:00+00:00,2024-07-21 07:00:00+00:00,1 days 14:00:00,,1.0,0.0,0.0,0.0,0.0,1.0,1.0,1.0,5.417499999999996e-06,3.0577357142856963e-06
0.71543234,13615,13624,67723.91,67626.01,66564.99571428573,,-118.4576810782155,48.416854992206396,-0.002444852342400366,2024-07-21 21:00:00+00:00,2024-07-22 06:00:00+00:00,0 days 09:00:00,,0.0,0.0,0.0,0.0,0.0,1.0,1.0,1.0,6.1559428571428535e-06,6.445014285714279e-06
0.6964879,13752,13753,69226.01,68650.77857142857,68650.77857142857,,-448.65648716514045,48.01475746542914,-0.009305314907751223,2024-07-27 14:00:00+00:00,2024-07-27 15:00:00+00:00,0 days 01:00:00,,0.0,0.0,0.0,0.0,0.0,0.0,1.0,1.0,3.2101071428571205e-06,3.394614285714259e-06
0.68026022,13789,13800,69558.99,68796.49142857143,68796.49142857143,,-565.7563110670814,47.05886511740296,-0.011956417310585528,2024-07-29 03:00:00+00:00,2024-07-29 14:00:00+00:00,0 days 11:00:00,,0.0,0.0,0.0,0.0,0.0,1.0,1.0,0.0,4.037728571428547e-06,5.089371428571429e-06
-0.73420992,13874,13878,62907.44,63838.842857142845,63838.842857142845,,-730.3744063290429,46.52918909842012,-0.015813328257697618,2024-08-01 16:00:00+00:00,2024-08-01 20:00:00+00:00,0 days 04:00:00,,0.0,0.0,0.0,0.0,1.0,1.0,0.0,1.0,4.802242857142848e-06,5.976992857142863e-06
-0.72155828,13904,13943,61987.02,61062.0,61147.62954999999,,623.0623205521568,44.3935196134428,0.013930262980862789,2024-08-02 22:00:00+00:00,2024-08-04 13:00:00+00:00,1 days 15:00:00,,0.0,0.0,0.0,0.0,1.0,1.0,0.0,0.0,8.434685714285711e-06,3.256614285714262e-06
-0.77152716,13945,13948,59586.689999999995,58732.39645,58732.39645,,613.4674820665367,45.64319437128149,0.013344154655595034,2024-08-04 15:00:00+00:00,2024-08-04 18:00:00+00:00,0 days 03:00:00,,0.0,0.0,1.0,0.0,1.0,1.0,0.0,0.0,4.348142857142829e-06,6.23602142857141e-06
-0.8402297,13955,13961,56174.01,52361.81999999999,52361.81999999999,,3157.5177461029325,45.5975139400755,0.06689787830706775,2024-08-05 01:00:00+00:00,2024-08-05 07:00:00+00:00,0 days 06:00:00,,0.0,0.0,1.0,0.0,1.0,1.0,0.0,0.0,1.205112142857141e-05,1.5920671428571413e-05
-0.93802602,14214,14220,57046.340000000004,58335.68857142858,58335.68857142858,,-1263.5581813700267,54.11567252019172,-0.023613076416721848,2024-08-15 20:00:00+00:00,2024-08-16 02:00:00+00:00,0 days 06:00:00,,0.0,0.0,1.0,0.0,1.0,1.0,0.0,0.0,6.806714285714293e-06,7.689899999999987e-06
0.82808344,14358,14364,61570.00000000001,60400.68571428571,60400.68571428571,,-1018.7907486581546,50.500952502722285,-0.019982128123622378,2024-08-21 20:00:00+00:00,2024-08-22 02:00:00+00:00,0 days 06:00:00,,0.0,0.0,0.0,0.0,0.0,1.0,1.0,1.0,6.234700000000003e-06,6.946535714285713e-06
0.77696234,14404,14432,62999.87999999999,63612.36,61914.75142857143,,426.6874228716865,49.1864711315208,0.008717062318214067,2024-08-23 18:00:00+00:00,2024-08-24 22:00:00+00:00,1 days 04:00:00,,1.0,0.0,0.0,0.0,0.0,1.0,1.0,1.0,5.848528571428572e-06,3.4086357142857216e-06
-0.87703357,14676,14689,56784.01,57511.11,57908.37714285715,,-687.8114373105884,50.12032856358921,-0.01381106336097075,2024-09-04 02:00:00+00:00,2024-09-04 15:00:00+00:00,0 days 13:00:00,,0.0,0.0,0.0,0.0,1.0,0.0,0.0,1.0,5.628971428571415e-06,4.307921428571415e-06
-0.88476171,14737,14743,54734.0,53681.30985,53681.30985,,883.4190797476274,47.96085746653292,0.018242454325921763,2024-09-06 15:00:00+00:00,2024-09-06 21:00:00+00:00,0 days 06:00:00,,0.0,0.0,1.0,0.0,1.0,1.0,0.0,0.0,6.4985714285714246e-06,8.280514285714262e-06
0.84122438,14906,14926,59666.01000000001,59706.4,58865.411428571424,,-16.23243808748378,50.20949079567791,-0.0003234036430457014,2024-09-13 16:00:00+00:00,2024-09-14 12:00:00+00:00,0 days 20:00:00,,0.0,0.0,0.0,0.0,0.0,1.0,1.0,1.0,4.216050000000007e-06,2.3443428571428242e-06
0.82047357,15002,15005,61135.49,60190.10285714287,60190.10285714287,,-825.4373852840242,49.77222115193326,-0.016456070594767527,2024-09-17 16:00:00+00:00,2024-09-17 19:00:00+00:00,0 days 03:00:00,,0.0,0.0,0.0,0.0,0.0,0.0,1.0,1.0,4.842671428571413e-06,5.625857142857136e-06
0.78546017,15034,15056,61759.98000000001,62753.5817,62753.5817,,731.5343385241895,48.90022167009374,0.015080071579524243,2024-09-19 00:00:00+00:00,2024-09-19 22:00:00+00:00,0 days 22:00:00,,1.0,0.0,0.0,0.0,0.0,0.0,1.0,1.0,6.960699999999996e-06,4.954171428571419e-06
0.7765227,15134,15138,64354.00000000001,63548.83,63250.48571428572,,-674.8925078036239,49.659725444620506,-0.013505320803679671,2024-09-23 04:00:00+00:00,2024-09-23 08:00:00+00:00,0 days 04:00:00,,0.0,0.0,0.0,0.0,0.0,1.0,1.0,1.0,5.792407142857142e-06,5.732264285714275e-06
0.74542318,15218,15246,65229.03,65657.99,64396.18714285714,,270.9736179582443,48.7831093345618,0.005572924969143396,2024-09-26 16:00:00+00:00,2024-09-27 20:00:00+00:00,1 days 04:00:00,,0.0,0.0,0.0,0.0,0.0,0.0,1.0,1.0,4.286535714285727e-06,4.315071428571445e-06
-0.8085132700000001,15343,15362,60809.03,61874.01,62118.73142857143,,-910.6458952065705,49.595432921970406,-0.018522274076728417,2024-10-01 21:00:00+00:00,2024-10-02 16:00:00+00:00,0 days 19:00:00,,0.0,0.0,0.0,0.0,1.0,1.0,0.0,1.0,6.796650000000038e-06,5.017999999999994e-06
-0.7851741600000001,15555,15566,60298.12,60614.01,61023.67714285714,,-295.4972054556842,47.4685400532804,-0.006241422866915276,2024-10-10 17:00:00+00:00,2024-10-11 04:00:00+00:00,0 days 11:00:00,,0.0,0.0,1.0,0.0,1.0,1.0,0.0,1.0,4.1731785714285805e-06,4.29804285714286e-06
0.72350971,15642,15661,64620.87,65457.19,65457.19,,558.0292709332198,47.056369733981306,0.011935477965555082,2024-10-14 08:00:00+00:00,2024-10-15 03:00:00+00:00,0 days 19:00:00,,0.0,0.0,0.0,0.0,0.0,1.0,1.0,1.0,4.677049999999986e-06,4.37555714285717e-06
0.70751911,15672,15672,67658.0,66744.34857142856,66744.34857142856,,-693.9719606146743,47.546115021583454,-0.014497215449128676,2024-10-15 14:00:00+00:00,2024-10-15 14:00:00+00:00,0 days 00:00:00,,0.0,0.0,0.0,0.0,1.0,1.0,1.0,1.0,6.230000000000027e-06,6.230000000000027e-06
0.67929449,15745,15753,68426.99,68205.59,67578.00428571428,,-196.80267946024597,46.4068793742421,-0.004233947598747269,2024-10-18 15:00:00+00:00,2024-10-18 23:00:00+00:00,0 days 08:00:00,,1.0,0.0,0.0,0.0,0.0,0.0,1.0,1.0,3.895392857142868e-06,3.6945214285714315e-06
0.66662543,15801,15805,69137.28,68709.99,68659.82428571429,,-330.7886278037397,45.94624781903805,-0.007177222404468317,2024-10-20 23:00:00+00:00,2024-10-21 03:00:00+00:00,0 days 04:00:00,,0.0,0.0,0.0,0.0,0.0,0.0,1.0,1.0,2.517171428571436e-06,3.3821714285714488e-06
0.65924743,15983,16014,68908.0,72072.45985,72072.45985,,2039.691520532516,46.47050291816534,0.04490000609617152,2024-10-28 13:00:00+00:00,2024-10-29 20:00:00+00:00,1 days 07:00:00,,0.0,0.0,0.0,0.0,0.0,0.0,1.0,1.0,3.2076214285714413e-06,5.616892857142868e-06
-0.7375499600000001,16160,16165,67120.56,68199.37428571428,68199.37428571428,,-845.5820393358155,49.9026060598156,-0.017080820732978792,2024-11-04 22:00:00+00:00,2024-11-05 03:00:00+00:00,0 days 05:00:00,,0.0,0.0,0.0,0.0,1.0,1.0,0.0,1.0,5.937542857142854e-06,5.958949999999979e-06
0.65430183,16189,16214,73077.05,74960.46015,74960.46015,,1183.8881008856831,48.430606899894286,0.0247600497683609,2024-11-06 03:00:00+00:00,2024-11-07 04:00:00+00:00,1 days 01:00:00,,1.0,0.0,0.0,0.0,0.0,0.0,1.0,1.0,1.1464614285714278e-05,5.920985714285711e-06
0.65507076,16229,16232,76604.0,75530.78142857143,75530.78142857143,,-752.8636286782587,49.82952344642409,-0.015002949743392904,2024-11-07 19:00:00+00:00,2024-11-07 22:00:00+00:00,0 days 03:00:00,,0.0,0.0,0.0,0.0,0.0,0.0,1.0,1.0,5.713242857142873e-06,6.125200000000006e-06
0.61520251,16287,16303,79122.02,78950.0,78101.52571428573,,-154.45028750258788,48.62315173238511,-0.0031730232620452237,2024-11-10 05:00:00+00:00,2024-11-10 21:00:00+00:00,0 days 16:00:00,,0.0,0.0,0.0,0.0,0.0,0.0,1.0,1.0,5.723228571428569e-06,7.203442857142874e-06
0.58995911,16317,16328,81984.19,86581.50984999999,86581.50984999999,,2662.507291961311,49.72343513001657,0.055047650041733454,2024-11-11 11:00:00+00:00,2024-11-11 22:00:00+00:00,0 days 11:00:00,,0.0,0.0,0.0,0.0,0.0,0.0,1.0,1.0,7.674135714285748e-06,1.1172285714285705e-05
0.60565013,16330,16340,88648.0,86277.71714285715,86277.71714285715,,-1488.5340122292955,52.97189166395734,-0.027724773437802067,2024-11-12 00:00:00+00:00,2024-11-12 10:00:00+00:00,0 days 10:00:00,,0.0,0.0,0.0,0.0,0.0,1.0,1.0,1.0,1.3093271428571405e-05,1.4872064285714268e-05
0.55420392,16369,16375,91508.0,89692.0,89291.92571428571,,-1056.6451938719956,50.210875152,-0.02083533680115391,2024-11-13 15:00:00+00:00,2024-11-13 21:00:00+00:00,0 days 06:00:00,,1.0,0.0,0.0,0.0,0.0,1.0,1.0,1.0,1.2082392857142854e-05,1.484972857142858e-05
0.51899467,16517,16519,93646.16,92457.99,92101.55999999998,,-664.947428011338,48.293530957440254,-0.013681522819515462,2024-11-19 19:00:00+00:00,2024-11-19 21:00:00+00:00,0 days 02:00:00,,0.0,0.0,0.0,0.0,0.0,1.0,1.0,1.0,7.859950000000018e-06,8.983185714285737e-06
0.50086025,16536,16540,94382.87,93247.12285714285,93247.12285714285,,-615.8388004731789,46.98820256496339,-0.013027386635792216,2024-11-20 14:00:00+00:00,2024-11-20 18:00:00+00:00,0 days 04:00:00,,1.0,0.0,0.0,0.0,0.0,0.0,1.0,1.0,6.0383000000000104e-06,7.574714285714297e-06
0.48061033000000003,16550,16583,95798.12,97686.09449999999,97686.09449999999,,860.8847913862631,46.49525609031789,0.01869799107487686,2024-11-21 04:00:00+00:00,2024-11-22 13:00:00+00:00,1 days 09:00:00,,1.0,0.0,0.0,0.0,0.0,1.0,1.0,1.0,8.986964285714295e-06,6.185935714285715e-06
-0.52465481,16687,16697,91036.0,93068.15,93519.4157142857,,-1114.472836060729,48.29556391923075,-0.023333649050924908,2024-11-26 21:00:00+00:00,2024-11-27 07:00:00+00:00,0 days 10:00:00,,0.0,0.0,0.0,0.0,1.0,1.0,0.0,1.0,1.2459157142857141e-05,8.259649999999995e-06
0.46111984,16879,16887,98747.96,101789.86060000001,101789.86060000001,,1356.4447340933955,46.23598387451035,0.029789290732689558,2024-12-04 21:00:00+00:00,2024-12-05 05:00:00+00:00,0 days 08:00:00,,0.0,0.0,0.0,0.0,0.0,0.0,1.0,1.0,8.633507142857154e-06,1.4142392857142856e-05
0.46865268,17135,17157,102946.54999999999,103949.01015000002,103949.01015000002,,421.3245565185106,48.48107937219935,0.00873280716959443,2024-12-15 13:00:00+00:00,2024-12-16 11:00:00+00:00,0 days 22:00:00,,0.0,0.0,0.0,0.0,0.0,1.0,1.0,1.0,4.937821428571412e-06,8.59276428571432e-06
0.45952195,17163,17186,106824.94,106478.47999999998,105250.31142857143,,-208.2147765470392,49.00880175003449,-0.00424162849986164,2024-12-16 17:00:00+00:00,2024-12-17 16:00:00+00:00,0 days 23:00:00,,0.0,0.0,0.0,0.0,0.0,1.0,1.0,1.0,7.70263571428574e-06,7.858678571428573e-06
-0.50979655,17251,17254,95473.74,94114.83969999998,94114.83969999998,,644.4368828087423,48.32580192523001,0.013240352898608698,2024-12-20 09:00:00+00:00,2024-12-20 12:00:00+00:00,0 days 03:00:00,,0.0,0.0,1.0,0.0,1.0,1.0,0.0,0.0,1.3221235714285687e-05,1.3307728571428572e-05
-0.53906056,17496,17499,92680.52,93781.47571428573,93781.47571428573,,-643.7389577922913,50.25715391423023,-0.012884980707303593,2024-12-30 14:00:00+00:00,2024-12-30 17:00:00+00:00,0 days 03:00:00,,0.0,0.0,1.0,0.0,1.0,1.0,0.0,1.0,6.141421428571452e-06,7.344371428571457e-06
0.49733799,17595,17611,97868.21,97906.08,96924.47571428571,,-29.84880625984343,48.68299594113856,-0.0006132445356873966,2025-01-03 17:00:00+00:00,2025-01-04 09:00:00+00:00,0 days 16:00:00,,0.0,0.0,0.0,0.0,0.0,1.0,1.0,1.0,4.865200000000016e-06,3.198799999999994e-06
0.48874859,17655,17661,99466.09,98767.96000000002,98471.59571428571,,-389.6533593504328,48.443306213744755,-0.008015264548953025,2025-01-06 05:00:00+00:00,2025-01-06 11:00:00+00:00,0 days 06:00:00,,1.0,0.0,0.0,0.0,0.0,0.0,1.0,1.0,4.909907142857093e-06,5.171364285714281e-06
0.47485015,17665,17685,100737.03,101406.78,99371.08428571429,,270.0368787124701,47.99400925003575,0.005645174321696995,2025-01-06 15:00:00+00:00,2025-01-07 11:00:00+00:00,0 days 20:00:00,,1.0,0.0,0.0,0.0,0.0,1.0,1.0,1.0,7.608764285714284e-06,4.0908071428571666e-06
-0.51445688,17716,17750,94030.81,93696.13,95963.7042857143,,123.88972067622326,48.2887079221736,0.0025610385574684627,2025-01-08 18:00:00+00:00,2025-01-10 04:00:00+00:00,1 days 10:00:00,,0.0,0.0,0.0,0.0,1.0,1.0,0.0,1.0,1.02181642857143e-05,9.351857142857163e-06
-0.53518762,17830,17833,90851.23,92495.8142857143,92495.8142857143,,-929.2236838934857,49.06253413265301,-0.01911099946425768,2025-01-13 12:00:00+00:00,2025-01-13 15:00:00+00:00,0 days 03:00:00,,0.0,0.0,1.0,0.0,1.0,1.0,0.0,0.0,8.570885714285707e-06,1.0255107142857131e-05
0.47254496,17880,17899,98963.99000000002,98955.81,97605.98,,-50.62841975991056,46.763001987104005,-0.001082614999658095,2025-01-15 14:00:00+00:00,2025-01-16 09:00:00+00:00,0 days 19:00:00,,1.0,0.0,0.0,0.0,0.0,1.0,1.0,1.0,6.827592857142844e-06,6.308057142857109e-06
0.45901849,17916,17936,101659.8,104247.40605,104247.40605,,1140.5014143852675,47.257607400594935,0.02444085515587279,2025-01-17 02:00:00+00:00,2025-01-17 22:00:00+00:00,0 days 20:00:00,,0.0,0.0,0.0,0.0,0.0,0.0,1.0,1.0,1.0188257142857127e-05,8.547557142857141e-06
0.46053508,17983,17983,106275.49,104546.92714285715,104546.92714285715,,-844.6093930716526,48.54555937233954,-0.01725679237719137,2025-01-19 21:00:00+00:00,2025-01-19 21:00:00+00:00,0 days 00:00:00,,0.0,0.0,0.0,0.0,1.0,1.0,0.0,0.0,1.0106921428571394e-05,1.0106921428571394e-05
0.43965555,17993,18002,107482.36000000002,104957.99,103438.42428571428,,-1156.5535702142265,46.70028946072125,-0.024474622393851536,2025-01-20 07:00:00+00:00,2025-01-20 16:00:00+00:00,0 days 09:00:00,,0.0,0.0,0.0,0.0,0.0,1.0,1.0,1.0,2.1632221428571404e-05,2.1270428571428523e-05
-0.46224203,18316,18324,97228.86,94837.3573,94837.3573,,1061.0625237088946,44.39053908958657,0.023608932485169484,2025-02-02 18:00:00+00:00,2025-02-03 02:00:00+00:00,0 days 08:00:00,,0.0,0.0,0.0,0.0,1.0,1.0,0.0,0.0,8.412850000000017e-06,1.755985000000001e-05
-0.50108934,18701,18703,93924.03,95138.31285714287,95138.31285714287,,-655.8327577596009,47.36856230056972,-0.01393481549472942,2025-02-18 19:00:00+00:00,2025-02-18 21:00:00+00:00,0 days 02:00:00,,0.0,0.0,0.0,0.0,1.0,1.0,0.0,0.0,6.38877142857148e-06,7.215542857142888e-06
0.46260338,18767,18769,98903.99,98248.56857142856,98248.56857142856,,-348.8018881669707,45.60171998539542,-0.007623531748892529,2025-02-21 13:00:00+00:00,2025-02-21 15:00:00+00:00,0 days 02:00:00,,1.0,0.0,0.0,0.0,0.0,1.0,1.0,1.0,3.476521428571445e-06,5.285642857142853e-06
-0.48745057,18849,18863,92432.07,89536.97654999999,89536.97654999999,,1366.8644946741936,44.35045773157702,0.030336969914500578,2025-02-24 23:00:00+00:00,2025-02-25 13:00:00+00:00,0 days 14:00:00,,0.0,0.0,1.0,0.0,1.0,1.0,0.0,0.0,8.802507142857128e-06,1.1840285714285737e-05
-0.56716615,18893,18904,84258.25,86574.76142857144,86574.76142857144,,-1362.2922190662862,48.44535069242443,-0.02850673891619781,2025-02-26 19:00:00+00:00,2025-02-27 06:00:00+00:00,0 days 11:00:00,,0.0,0.0,0.0,0.0,1.0,1.0,0.0,0.0,1.2179971428571416e-05,1.3435535714285689e-05
-0.55185341,18924,18931,81661.55,80160.62985,80160.62985,,783.636842033285,44.651060881927904,0.017388955513029148,2025-02-28 02:00:00+00:00,2025-02-28 09:00:00+00:00,0 days 07:00:00,,0.0,0.0,1.0,0.0,1.0,1.0,0.0,0.0,1.345798571428574e-05,1.5342507142857165e-05
-0.58029805,19161,19164,80358.18,82359.12,82359.12,,-1208.3538461126327,47.2122659456325,-0.025912715419886382,2025-03-09 23:00:00+00:00,2025-03-10 02:00:00+00:00,0 days 03:00:00,,0.0,0.0,0.0,0.0,1.0,1.0,0.0,0.0,1.0385478571428566e-05,1.1501335714285705e-05
-0.5537608900000001,19177,19181,79847.09,78820.08889999999,78820.08889999999,,524.7812040662586,43.931839100726606,0.011868529091667699,2025-03-10 15:00:00+00:00,2025-03-10 19:00:00+00:00,0 days 04:00:00,,0.0,0.0,0.0,0.0,1.0,1.0,0.0,0.0,1.2825742857142848e-05,1.4979635714285717e-05
0.51554184,19509,19521,87801.28,87457.66,86764.76571428572,,-222.32714526282268,45.1766582020248,-0.004911653565870559,2025-03-24 11:00:00+00:00,2025-03-24 23:00:00+00:00,0 days 12:00:00,,0.0,0.0,0.0,0.0,0.0,1.0,1.0,1.0,5.2421500000000104e-06,6.2898999999999845e-06
-0.5404798000000001,19629,19645,82927.8,83330.0,83739.18285714285,,-262.3104668062206,44.92949124622001,-0.005852427051000976,2025-03-29 11:00:00+00:00,2025-03-30 03:00:00+00:00,0 days 16:00:00,,0.0,0.0,1.0,0.0,1.0,1.0,0.0,0.0,4.548685714285706e-06,4.325535714285682e-06
-0.5481635300000001,19828,19835,80808.81,79234.61489999999,79234.61489999999,,819.0513585514716,43.86498437323695,0.0184902288197291,2025-04-06 18:00:00+00:00,2025-04-07 01:00:00+00:00,0 days 07:00:00,,0.0,0.0,1.0,0.0,1.0,1.0,0.0,0.0,5.749114285714243e-06,1.0328000000000002e-05
-0.59662001,19839,19842,76989.92,75932.16014999998,75932.16014999998,,585.462505790448,45.6181864941569,0.012745808930896583,2025-04-07 05:00:00+00:00,2025-04-07 08:00:00+00:00,0 days 03:00:00,,0.0,0.0,0.0,0.0,1.0,1.0,0.0,0.0,1.189267857142857e-05,1.2833664285714298e-05
0.5577202,19968,19983,84458.24,84619.98,83576.48857142858,,43.056495810972464,47.149169337022,0.0009140717353331431,2025-04-12 14:00:00+00:00,2025-04-13 05:00:00+00:00,0 days 15:00:00,,1.0,0.0,0.0,0.0,0.0,1.0,1.0,1.0,4.844664285714291e-06,5.719435714285681e-06
0.54475914,20171,20188,86625.69,86847.38,85733.63142857142,,73.51713353342393,47.2505202131799,0.001557891948681843,2025-04-21 01:00:00+00:00,2025-04-21 18:00:00+00:00,0 days 17:00:00,,1.0,0.0,0.0,0.0,0.0,1.0,1.0,1.0,4.827314285714315e-06,6.255878571428579e-06
0.5319210600000001,20207,20232,88992.71,92871.4342,92871.4342,,2014.8064037322174,48.36868417942843,0.042562948447125507,2025-04-22 13:00:00+00:00,2025-04-23 14:00:00+00:00,1 days 01:00:00,,1.0,0.0,0.0,0.0,0.0,0.0,1.0,1.0,5.977342857142866e-06,6.958735714285729e-06
0.53859466,20281,20288,95368.0,94608.69,94100.41571428573,,-460.1205266638377,51.160215379237705,-0.008957914027766165,2025-04-25 15:00:00+00:00,2025-04-25 22:00:00+00:00,0 days 07:00:00,,0.0,0.0,0.0,0.0,0.0,0.0,1.0,1.0,6.3645785714285355e-06,7.143157142857109e-06
0.52454439,20421,20442,96169.01,96350.01,95341.41714285714,,44.45014863535028,50.4923859546489,0.000881162133206911,2025-05-01 11:00:00+00:00,2025-05-02 08:00:00+00:00,0 days 21:00:00,,0.0,0.0,0.0,0.0,0.0,0.0,1.0,1.0,4.146592857142869e-06,3.966271428571423e-06
0.51697793,20449,20453,97748.41,96867.14,96867.14,,-505.9031124635053,50.30597209240575,-0.01001118867304342,2025-05-02 15:00:00+00:00,2025-05-02 19:00:00+00:00,0 days 04:00:00,,0.0,0.0,0.0,0.0,0.0,1.0,1.0,1.0,4.706457142857128e-06,4.917385714285721e-06
0.50183899,20581,20619,98681.98999999999,102480.83,102078.9975,,1855.9303555644242,50.4756732071759,0.03747653031723415,2025-05-08 03:00:00+00:00,2025-05-09 17:00:00+00:00,1 days 14:00:00,,1.0,0.0,0.0,0.0,0.0,0.0,1.0,1.0,6.775207142857148e-06,7.765599999999967e-06
0.5078972900000001,20650,20650,104809.53,103973.73714285715,103973.73714285715,,-477.51715493381664,53.0202277896016,-0.008970410331143408,2025-05-11 00:00:00+00:00,2025-05-11 00:00:00+00:00,0 days 00:00:00,,0.0,0.0,0.0,0.0,0.0,0.0,1.0,1.0,4.714535714285713e-06,4.714535714285713e-06
0.49401646,20835,20835,105822.22,104963.35285714288,104963.35285714288,,-476.36027678557207,52.065771260978906,-0.009112074281617841,2025-05-18 17:00:00+00:00,2025-05-18 17:00:00+00:00,0 days 00:00:00,,0.0,0.0,0.0,0.0,0.0,0.0,1.0,1.0,4.875199999999988e-06,4.875199999999988e-06
0.48213824,20842,20843,106454.27000000002,104794.08428571429,104794.08428571429,,-851.3644732279714,50.92545486910538,-0.016587497067319018,2025-05-19 00:00:00+00:00,2025-05-19 01:00:00+00:00,0 days 01:00:00,,0.0,0.0,0.0,0.0,0.0,0.0,1.0,1.0,9.592150000000004e-06,9.931550000000025e-06
0.46053965,20897,20898,107751.41000000002,106527.17,105973.80857142858,,-613.152952233854,49.341891117848505,-0.012356026617192442,2025-05-21 07:00:00+00:00,2025-05-21 08:00:00+00:00,0 days 01:00:00,,0.0,0.0,0.0,0.0,1.0,1.0,1.0,1.0,9.08591428571425e-06,8.561471428571385e-06
0.44401934,20905,20907,108999.99,107467.98285714285,107467.98285714285,,-728.2987836662999,48.05798321958324,-0.015048085135473118,2025-05-21 15:00:00+00:00,2025-05-21 17:00:00+00:00,0 days 02:00:00,,0.0,0.0,0.0,0.0,0.0,1.0,1.0,1.0,7.992535714285702e-06,1.0336257142857111e-05
0.41994884,20918,20936,111780.84,110831.36,108930.37,,-445.4758921831207,46.742867579924,-0.00948987411438302,2025-05-22 04:00:00+00:00,2025-05-22 22:00:00+00:00,0 days 18:00:00,,0.0,0.0,0.0,0.0,0.0,0.0,1.0,1.0,1.3230707142857124e-05,6.664300000000001e-06
-0.43555253,21102,21145,105731.74,104573.91,106990.4142857143,,458.4962068445044,45.79957896539725,0.00995611322579201,2025-05-29 20:00:00+00:00,2025-05-31 15:00:00+00:00,1 days 19:00:00,,0.0,0.0,0.0,0.0,1.0,1.0,0.0,1.0,6.4295142857142835e-06,3.872142857142831e-06
-0.4559758,21269,21281,103006.03999999998,103159.99999999999,104298.0342857143,,-117.20539667891791,47.00336251091599,-0.0024954169677816667,2025-06-05 19:00:00+00:00,2025-06-06 07:00:00+00:00,0 days 12:00:00,,0.0,0.0,1.0,0.0,1.0,1.0,0.0,0.0,7.046707142857148e-06,7.066878571428578e-06
0.43603376,21357,21384,107179.7,108609.07470000001,108609.07470000001,,576.2100294907606,47.045595399116934,0.012329576521020373,2025-06-09 11:00:00+00:00,2025-06-10 14:00:00+00:00,1 days 03:00:00,,1.0,0.0,0.0,0.0,0.0,1.0,1.0,1.0,4.564292857142858e-06,4.766371428571431e-06
-0.46365371,21628,21680,103279.26,100366.08259999997,100366.08259999997,,1303.4950500878138,47.21045931035552,0.02722090310000313,2025-06-20 18:00:00+00:00,2025-06-22 22:00:00+00:00,2 days 04:00:00,,0.0,0.0,0.0,0.0,1.0,1.0,0.0,0.0,6.77931428571432e-06,1.0333964285714262e-05
0.47132595,21741,21764,107126.5,107325.12999999999,106273.73857142856,,43.08116432909746,50.53830911939926,0.0008532359873606283,2025-06-25 11:00:00+00:00,2025-06-26 10:00:00+00:00,0 days 23:00:00,,1.0,0.0,0.0,0.0,0.0,1.0,1.0,1.0,4.250457142857166e-06,4.087821428571394e-06
0.46625148,21838,21838,108477.12000000001,108086.64714285715,108086.64714285715,,-232.54513601505107,50.486588472366265,-0.004597787447844186,2025-06-29 12:00:00+00:00,2025-06-29 12:00:00+00:00,0 days 00:00:00,,0.0,0.0,0.0,0.0,0.0,0.0,1.0,1.0,2.21961428571429e-06,2.21961428571429e-06
0.46096043000000003,21851,21856,108713.8,107924.62428571426,107924.62428571426,,-413.70964720934506,49.930870606632645,-0.00825557497234571,2025-06-30 01:00:00+00:00,2025-06-30 06:00:00+00:00,0 days 05:00:00,,0.0,0.0,0.0,0.0,0.0,1.0,1.0,0.0,3.936200000000025e-06,3.645292857142901e-06
0.45045607,21915,21935,109413.01000000001,109168.0,108475.59571428574,,-159.5968130813159,49.23057137061535,-0.0032381935658292,2025-07-02 17:00:00+00:00,2025-07-03 13:00:00+00:00,0 days 20:00:00,,0.0,0.0,0.0,0.0,0.0,0.0,1.0,1.0,5.080471428571422e-06,5.2860571428571404e-06
0.43818098,22086,22086,111749.98999999999,110678.23142857144,110678.23142857144,,-518.3561291745805,48.73190802261421,-0.010585886246100244,2025-07-09 20:00:00+00:00,2025-07-09 20:00:00+00:00,0 days 00:00:00,,0.0,0.0,0.0,0.0,0.0,0.0,1.0,1.0,6.215942857142853e-06,6.215942857142853e-06
0.42550648,22107,22130,112643.47,116693.2849,116693.2849,,1674.4303450944901,48.79213765606087,0.03493452858430227,2025-07-10 17:00:00+00:00,2025-07-11 16:00:00+00:00,0 days 23:00:00,,1.0,0.0,0.0,0.0,0.0,0.0,1.0,1.0,4.675435714285684e-06,7.7395857142857e-06
0.42857185000000003,22189,22200,119647.88,120894.99939999999,120894.99939999999,,482.93531501449263,51.544953414392445,0.009418035324152828,2025-07-14 03:00:00+00:00,2025-07-14 14:00:00+00:00,0 days 11:00:00,,1.0,0.0,0.0,0.0,0.0,0.0,1.0,1.0,7.0655642857143085e-06,8.806528571428565e-06
